{
  "project_info": {
    "project_number": "176345638199",
    "project_id": "smartmoodjournal-bb2405e5",
    "storage_bucket": "smartmoodjournal-bb2405e5.firebasestorage.app"
  },
  "client": [
    {
      "client_info": {
        "mobilesdk_app_id": "1:176345638199:android:295be42cc663ec767266b2",
        "android_client_info": {
          "package_name": "com.example.smartmoodjournal"
        }
      },
      "oauth_client": [],
      "api_key": [
        {
          "current_key": "AIzaSyDMVwJQylrKNwy0_i35M4p2vL3hPaoafZE"
        }
      ],
      "services": {
        "appinvite_service": {
          "other_platform_oauth_client": []
        }
      }
    }
  ],
  "configuration_version": "1"
}